relative_path,category,variant,width_px,height_px,alpha_channel
00_reference/reference_redesign_full_screen.png,00_reference,reference,1672,941,yes
01_panels/clean_information_panel.png,01_panels,clean,510,700,yes
01_panels/clean_statistics_panel.png,01_panels,clean,500,710,yes
01_panels/example_information_panel.png,01_panels,example,510,700,yes
01_panels/example_statistics_panel.png,01_panels,example,500,710,yes
01_panels_v3/clean_information_panel.png,01_panels_v3,clean,1024,1531,yes
01_panels_v3/clean_statistics_panel.png,01_panels_v3,clean,1024,1498,yes
01_panels_v3/example_information_panel.png,01_panels_v3,example,989,1461,yes
01_panels_v3/example_statistics_panel.png,01_panels_v3,example,1023,1536,yes
02_headers/clean_information_header.png,02_headers,clean,420,88,yes
02_headers/clean_statistics_header.png,02_headers,clean,420,88,yes
02_headers/clean_stats_subheader.png,02_headers,clean,332,78,yes
02_headers/example_information_header.png,02_headers,example,420,88,yes
02_headers/example_statistics_header.png,02_headers,example,420,88,yes
02_headers/example_stats_subheader.png,02_headers,example,332,78,yes
02_headers_v3/clean_information_header.png,02_headers_v3,clean,960,285,yes
02_headers_v3/clean_information_stats_header.png,02_headers_v3,clean,810,135,yes
02_headers_v3/clean_statistics_header.png,02_headers_v3,clean,870,230,yes
02_headers_v3/example_information_header.png,02_headers_v3,example,925,255,yes
02_headers_v3/example_information_stats_header.png,02_headers_v3,example,795,130,yes
02_headers_v3/example_statistics_header.png,02_headers_v3,example,840,205,yes
03_basic_info_rows/clean_basic_info_row_generic.png,03_basic_info_rows,clean,400,56,yes
03_basic_info_rows/example_basic_info_row_generic.png,03_basic_info_rows,example,400,56,yes
03_basic_info_rows_v3/clean_class_row.png,03_basic_info_rows_v3,clean,900,110,yes
03_basic_info_rows_v3/clean_form_row.png,03_basic_info_rows_v3,clean,900,110,yes
03_basic_info_rows_v3/clean_level_row.png,03_basic_info_rows_v3,clean,900,110,yes
03_basic_info_rows_v3/clean_tps_row.png,03_basic_info_rows_v3,clean,900,110,yes
03_basic_info_rows_v3/example_class_row.png,03_basic_info_rows_v3,example,900,110,yes
03_basic_info_rows_v3/example_form_row.png,03_basic_info_rows_v3,example,900,110,yes
03_basic_info_rows_v3/example_level_row.png,03_basic_info_rows_v3,example,900,110,yes
03_basic_info_rows_v3/example_tps_row.png,03_basic_info_rows_v3,example,900,110,yes
04_information_stat_rows/clean_ene_row.png,04_information_stat_rows,clean,1040,126,yes
04_information_stat_rows/clean_information_stat_row_generic.png,04_information_stat_rows,clean,1040,126,yes
04_information_stat_rows/clean_information_stat_row_generic_v4.png,04_information_stat_rows,clean,416,68,yes
04_information_stat_rows/clean_pur_row.png,04_information_stat_rows,clean,1040,126,yes
04_information_stat_rows/clean_res_row.png,04_information_stat_rows,clean,1040,126,yes
04_information_stat_rows/clean_skp_row.png,04_information_stat_rows,clean,1040,126,yes
04_information_stat_rows/clean_str_row.png,04_information_stat_rows,clean,1040,126,yes
04_information_stat_rows/clean_tpc_row.png,04_information_stat_rows,clean,1040,126,yes
04_information_stat_rows/clean_vit_row.png,04_information_stat_rows,clean,1040,126,yes
04_information_stat_rows/example_ene_row.png,04_information_stat_rows,example,1040,126,yes
04_information_stat_rows/example_information_stat_row_generic_v4.png,04_information_stat_rows,example,416,68,yes
04_information_stat_rows/example_pur_row.png,04_information_stat_rows,example,1040,126,yes
04_information_stat_rows/example_res_row.png,04_information_stat_rows,example,1040,126,yes
04_information_stat_rows/example_skp_row.png,04_information_stat_rows,example,1040,126,yes
04_information_stat_rows/example_str_row.png,04_information_stat_rows,example,1040,126,yes
04_information_stat_rows/example_tpc_row.png,04_information_stat_rows,example,1040,126,yes
04_information_stat_rows/example_vit_row.png,04_information_stat_rows,example,1040,126,yes
05_statistics_rows/clean_bottom_stats_box.png,05_statistics_rows,clean,430,170,yes
05_statistics_rows/clean_defense_row.png,05_statistics_rows,clean,1040,126,yes
05_statistics_rows/clean_gravity_row.png,05_statistics_rows,clean,1040,126,yes
05_statistics_rows/clean_health_row.png,05_statistics_rows,clean,1040,126,yes
05_statistics_rows/clean_ki_dmg_row.png,05_statistics_rows,clean,1040,126,yes
05_statistics_rows/clean_max_ki_row.png,05_statistics_rows,clean,1040,126,yes
05_statistics_rows/clean_melee_dmg_row.png,05_statistics_rows,clean,1040,126,yes
05_statistics_rows/clean_power_level_row.png,05_statistics_rows,clean,1040,126,yes
05_statistics_rows/clean_stamina_row.png,05_statistics_rows,clean,1040,126,yes
05_statistics_rows/clean_statistics_row_generic.png,05_statistics_rows,clean,1040,126,yes
05_statistics_rows/clean_statistics_row_generic_v4.png,05_statistics_rows,clean,396,56,yes
05_statistics_rows/clean_strike_dmg_row.png,05_statistics_rows,clean,1040,126,yes
05_statistics_rows/clean_tp_multiplier_row.png,05_statistics_rows,clean,1040,126,yes
05_statistics_rows/example_bottom_stats_box.png,05_statistics_rows,example,430,170,yes
05_statistics_rows/example_melee_dmg_row.png,05_statistics_rows,example,1040,126,yes
05_statistics_rows/example_statistics_row_generic_v4.png,05_statistics_rows,example,396,56,yes
06_micro_elements/clean_multiplier_field.png,06_micro_elements,clean,260,110,yes
06_micro_elements/clean_plus_button.png,06_micro_elements,clean,128,128,yes
06_micro_elements/clean_plus_button_v4.png,06_micro_elements,clean,56,56,yes
06_micro_elements/example_ene_label.png,06_micro_elements,example,129,67,yes
06_micro_elements/example_ene_multiplier.png,06_micro_elements,example,74,59,yes
06_micro_elements/example_ene_value.png,06_micro_elements,example,275,66,yes
06_micro_elements/example_plus_button_v4.png,06_micro_elements,example,56,56,yes
06_micro_elements/example_pur_label.png,06_micro_elements,example,138,67,yes
06_micro_elements/example_pur_multiplier.png,06_micro_elements,example,114,59,yes
06_micro_elements/example_pur_value.png,06_micro_elements,example,178,66,yes
06_micro_elements/example_res_label.png,06_micro_elements,example,122,67,yes
06_micro_elements/example_res_multiplier.png,06_micro_elements,example,114,59,yes
06_micro_elements/example_res_value.png,06_micro_elements,example,277,66,yes
06_micro_elements/example_skp_label.png,06_micro_elements,example,131,67,yes
06_micro_elements/example_skp_multiplier.png,06_micro_elements,example,114,59,yes
06_micro_elements/example_skp_value.png,06_micro_elements,example,204,66,yes
06_micro_elements/example_str_label.png,06_micro_elements,example,127,67,yes
06_micro_elements/example_str_multiplier.png,06_micro_elements,example,114,59,yes
06_micro_elements/example_str_value.png,06_micro_elements,example,206,66,yes
06_micro_elements/example_tpc_label.png,06_micro_elements,example,132,67,yes
06_micro_elements/example_tpc_multiplier.png,06_micro_elements,example,74,59,yes
06_micro_elements/example_tpc_value.png,06_micro_elements,example,276,66,yes
06_micro_elements/example_vit_label.png,06_micro_elements,example,118,67,yes
06_micro_elements/example_vit_multiplier.png,06_micro_elements,example,74,59,yes
06_micro_elements/example_vit_value.png,06_micro_elements,example,275,66,yes
07_nameplate/clean_nameplate.png,07_nameplate,clean,980,180,yes
07_nameplate/example_nameplate_dev_saiyan.png,07_nameplate,example,980,180,yes
07_nameplate_v3/clean_nameplate.png,07_nameplate_v3,clean,1536,1003,yes
07_nameplate_v3/example_nameplate_dev_saiyan.png,07_nameplate_v3,example,1536,1001,yes
08_navigation_buttons/clean_nav_button_character.png,08_navigation_buttons,clean,122,154,yes
08_navigation_buttons/clean_nav_button_items.png,08_navigation_buttons,clean,122,154,yes
08_navigation_buttons/clean_nav_button_party.png,08_navigation_buttons,clean,122,154,yes
08_navigation_buttons/clean_nav_button_quests.png,08_navigation_buttons,clean,122,154,yes
08_navigation_buttons/clean_nav_button_settings.png,08_navigation_buttons,clean,122,154,yes
08_navigation_buttons/clean_nav_button_skills.png,08_navigation_buttons,clean,122,154,yes
08_navigation_buttons/example_nav_button_character.png,08_navigation_buttons,example,122,154,yes
08_navigation_buttons/example_nav_button_items.png,08_navigation_buttons,example,122,154,yes
08_navigation_buttons/example_nav_button_party.png,08_navigation_buttons,example,122,154,yes
08_navigation_buttons/example_nav_button_quests.png,08_navigation_buttons,example,122,154,yes
08_navigation_buttons/example_nav_button_settings.png,08_navigation_buttons,example,122,154,yes
08_navigation_buttons/example_nav_button_skills.png,08_navigation_buttons,example,122,154,yes
08_navigation_buttons_v3/clean_character_button.png,08_navigation_buttons_v3,clean,1239,1249,yes
08_navigation_buttons_v3/clean_items_button.png,08_navigation_buttons_v3,clean,1239,1249,yes
08_navigation_buttons_v3/clean_navigation_button_base.png,08_navigation_buttons_v3,clean,1239,1249,yes
08_navigation_buttons_v3/clean_party_button.png,08_navigation_buttons_v3,clean,1239,1249,yes
08_navigation_buttons_v3/clean_quests_button.png,08_navigation_buttons_v3,clean,1239,1249,yes
08_navigation_buttons_v3/clean_settings_button.png,08_navigation_buttons_v3,clean,1239,1249,yes
08_navigation_buttons_v3/clean_skills_button.png,08_navigation_buttons_v3,clean,1239,1249,yes
08_navigation_buttons_v3/example_character_button.png,08_navigation_buttons_v3,example,1254,1229,yes
08_navigation_buttons_v3/example_items_button.png,08_navigation_buttons_v3,example,1182,1185,yes
08_navigation_buttons_v3/example_party_button.png,08_navigation_buttons_v3,example,1218,1217,yes
08_navigation_buttons_v3/example_quests_button.png,08_navigation_buttons_v3,example,1250,1224,yes
08_navigation_buttons_v3/example_settings_button.png,08_navigation_buttons_v3,example,1250,1212,yes
08_navigation_buttons_v3/example_skills_button.png,08_navigation_buttons_v3,example,1242,1217,yes
09_icons/clean_icon_character.png,09_icons,clean,56,56,yes
09_icons/clean_icon_items.png,09_icons,clean,56,56,yes
09_icons/clean_icon_party.png,09_icons,clean,56,56,yes
09_icons/clean_icon_quests.png,09_icons,clean,56,56,yes
09_icons/clean_icon_settings.png,09_icons,clean,56,56,yes
09_icons/clean_icon_skills.png,09_icons,clean,56,56,yes
09_icons/clean_info_kanji_circle.png,09_icons,clean,96,96,yes
09_icons/clean_stats_bars_icon.png,09_icons,clean,96,96,yes
09_icons/clean_top_orb_blue.png,09_icons,clean,54,54,yes
09_icons/clean_top_orb_red.png,09_icons,clean,54,54,yes
09_icons/clean_top_orb_yellow.png,09_icons,clean,54,54,yes
09_icons/example_icon_character.png,09_icons,example,56,56,yes
09_icons/example_icon_items.png,09_icons,example,56,56,yes
09_icons/example_icon_party.png,09_icons,example,56,56,yes
09_icons/example_icon_quests.png,09_icons,example,56,56,yes
09_icons/example_icon_settings.png,09_icons,example,56,56,yes
09_icons/example_icon_skills.png,09_icons,example,56,56,yes
09_icons/example_info_kanji_circle.png,09_icons,example,96,96,yes
09_icons/example_stats_bars_icon.png,09_icons,example,96,96,yes
09_icons/example_top_orb_blue.png,09_icons,example,54,54,yes
09_icons/example_top_orb_red.png,09_icons,example,54,54,yes
09_icons/example_top_orb_yellow.png,09_icons,example,54,54,yes
09_icons_v3/example_blue_orb_icon.png,09_icons_v3,example,521,907,yes
09_icons_v3/example_orange_orb_icon.png,09_icons_v3,example,541,941,yes
09_icons_v3/example_red_orb_icon.png,09_icons_v3,example,522,915,yes
10_overlays/clean_blue_orange_divider_v4.png,10_overlays,clean,440,40,yes
10_overlays/clean_scan_ring_overlay.png,10_overlays,clean,620,620,yes
10_overlays/clean_vertical_orange_accent.png,10_overlays,clean,30,170,yes
10_overlays_v3/clean_blue_orange_divider.png,10_overlays_v3,clean,700,80,yes
10_overlays_v3/clean_character_scan_ring.png,10_overlays_v3,clean,640,640,yes
